{
  "timestamp": "2026-02-15T19:41:36.176239",
  "model_type": "linear",
  "hyperparameters": {
    "max_depth": null,
    "min_samples_leaf": null
  },
  "metrics": {
    "train_mse": 905021.0294916087,
    "val_mse": 2111734.5556453634,
    "test_mse": 1455260.5956255714,
    "train_r2": 0.9983696124989337,
    "val_r2": 0.9950836029653138,
    "test_r2": 0.9974567002884324
  },
  "diagnostics": {
    "overfitting": true,
    "underfitting": false,
    "good_fit": false,
    "unstable": false,
    "messages": [
      "\u26a0\ufe0f Overfitting detected: Validation loss is significantly higher than training loss. Try: reduce model complexity (lower max_depth), add regularization, or collect more data.",
      "\u2139\ufe0f Note: Test loss differs significantly from validation loss. This might indicate data distribution issues."
    ]
  },
  "chart_data": {
    "metrics": [
      {
        "name": "Train",
        "MSE": 905021.0294916087,
        "R2": 0.9983696124989337
      },
      {
        "name": "Validation",
        "MSE": 2111734.5556453634,
        "R2": 0.9950836029653138
      },
      {
        "name": "Test",
        "MSE": 1455260.5956255714,
        "R2": 0.9974567002884324
      }
    ]
  }
}